<?xml version="1.0" encoding="UTF-8"?>
<project-private xmlns="http://www.netbeans.org/ns/project-private/1">
    <editor-bookmarks xmlns="http://www.netbeans.org/ns/editor-bookmarks/2" lastBookmarkId="0"/>
    <open-files xmlns="http://www.netbeans.org/ns/projectui-open-files/2">
        <group>
            <file>file:/C:/Users/Manuela/Documents/GitHub/Projekt_VT/Projekt_VT/18.07-12.11/travelmate_vs/src/java/tm/User.java</file>
            <file>file:/C:/Users/Manuela/Documents/GitHub/Projekt_VT/Projekt_VT/18.07-12.11/travelmate_vs/web/WEB-INF/web.xml</file>
            <file>file:/C:/Users/Manuela/Documents/GitHub/Projekt_VT/Projekt_VT/18.07-12.11/travelmate_vs/src/java/WebService/tmWebService.java</file>
        </group>
    </open-files>
</project-private>
