<?xml version="1.0" encoding="UTF-8"?>
<project-private xmlns="http://www.netbeans.org/ns/project-private/1">
    <editor-bookmarks xmlns="http://www.netbeans.org/ns/editor-bookmarks/2" lastBookmarkId="0"/>
    <open-files xmlns="http://www.netbeans.org/ns/projectui-open-files/2">
        <group>
            <file>file:/C:/Users/Manuela/Documents/GitHub/Projekt_VT/Projekt_VT/18.07-12.11/tmConsumer/src/java/tm/LoginServlet.java</file>
            <file>file:/C:/Users/Manuela/Documents/GitHub/Projekt_VT/Projekt_VT/18.07-12.11/tmConsumer/src/java/Chat/ClientInterface.java</file>
            <file>file:/C:/Users/Manuela/Documents/GitHub/Projekt_VT/Projekt_VT/18.07-12.11/tmConsumer/src/java/Chat/ServerInterface.java</file>
            <file>file:/C:/Users/Manuela/Documents/GitHub/Projekt_VT/Projekt_VT/18.07-12.11/tmConsumer/src/java/Chat/ClientImpl.java</file>
            <file>file:/C:/Users/Manuela/Documents/GitHub/Projekt_VT/Projekt_VT/18.07-12.11/tmConsumer/src/java/Chat/ChatInterface.java</file>
            <file>file:/C:/Users/Manuela/Documents/GitHub/Projekt_VT/Projekt_VT/18.07-12.11/tmConsumer/src/java/Chat/ServerImpl.java</file>
            <file>file:/C:/Users/Manuela/Documents/GitHub/Projekt_VT/Projekt_VT/18.07-12.11/tmConsumer/src/java/Chat/tmChatOnServlet.java</file>
            <file>file:/C:/Users/Manuela/Documents/GitHub/Projekt_VT/Projekt_VT/18.07-12.11/tmConsumer/src/java/Chat/ChatImpl.java</file>
        </group>
    </open-files>
</project-private>
